﻿{"cameraMode":{"drawMode":0,"name":"Shaded","section":"Shading Mode"},"sceneLighting":false,"audioPlay":false,"sceneViewState":{"m_AlwaysRefresh":false,"showFog":true,"showSkybox":false,"showFlares":true,"showImageEffects":true,"showParticleSystems":true,"showVisualEffectGraphs":true,"m_FxEnabled":true},"in2DMode":false,"pivot":{"x":85.19999694824219,"y":-24.399993896484376,"z":1.7999999523162842},"rotation":{"x":-0.07494932413101196,"y":0.040634360164403918,"z":-0.0021812133491039278,"w":-0.9970067143440247},"size":84.10166931152344,"orthographic":false}