{
  "context": {
    "projectPath": "D:/SBE/FirstYear/1stTERM/Anatomy/Task3/PuzzleGame/Packages",
    "unityVersion": "6000.0.32f1"
  },
  "inputs": [
    "D:\\SBE\\FirstYear\\1stTERM\\Anatomy\\Task3\\PuzzleGame\\Packages\\manifest.json",
    "D:\\SBE\\FirstYear\\1stTERM\\Anatomy\\Task3\\PuzzleGame\\Packages\\packages-lock.json"
  ],
  "outputs": {
    "com.unity.ai.navigation@2.0.5": {
      "name": "com.unity.ai.navigation",
      "resolvedPath": "D:\\SBE\\FirstYear\\1stTERM\\Anatomy\\Task3\\PuzzleGame\\Library\\PackageCache\\com.unity.ai.navigation",
      "fingerprint": "9f76b145f0a8dd734ff2a4877f7f7edb83b7f62c",
      "editorCompatibility": "2023.2.0a18",
      "version": "2.0.5",
      "source": "registry"
    },
    "com.unity.collab-proxy@2.6.0": {
      "name": "com.unity.collab-proxy",
      "resolvedPath": "D:\\SBE\\FirstYear\\1stTERM\\Anatomy\\Task3\\PuzzleGame\\Library\\PackageCache\\com.unity.collab-proxy",
      "fingerprint": "001b54a8988a14785c8e209d6c788bb15f9e58cf",
      "editorCompatibility": "2021.3.0f1",
      "version": "2.6.0",
      "source": "registry"
    },
    "com.unity.ide.rider@3.0.31": {
      "name": "com.unity.ide.rider",
      "resolvedPath": "D:\\SBE\\FirstYear\\1stTERM\\Anatomy\\Task3\\PuzzleGame\\Library\\PackageCache\\com.unity.ide.rider",
      "fingerprint": "7921be93db40ec070fcb01ed82d1c3df1bbdddcd",
      "editorCompatibility": "2019.2.6f1",
      "version": "3.0.31",
      "source": "registry"
    },
    "com.unity.ide.visualstudio@2.0.22": {
      "name": "com.unity.ide.visualstudio",
      "resolvedPath": "D:\\SBE\\FirstYear\\1stTERM\\Anatomy\\Task3\\PuzzleGame\\Library\\PackageCache\\com.unity.ide.visualstudio",
      "fingerprint": "8140e851d83e922ca2021b04a89519de94ebe38c",
      "editorCompatibility": "2019.4.25f1",
      "version": "2.0.22",
      "source": "registry"
    },
    "com.unity.inputsystem@1.11.2": {
      "name": "com.unity.inputsystem",
      "resolvedPath": "D:\\SBE\\FirstYear\\1stTERM\\Anatomy\\Task3\\PuzzleGame\\Library\\PackageCache\\com.unity.inputsystem",
      "fingerprint": "3c4a97c3950fef77960981e0fe90613de6e512ee",
      "editorCompatibility": "2019.4.0a1",
      "version": "1.11.2",
      "source": "registry"
    },
    "com.unity.multiplayer.center@1.0.0": {
      "name": "com.unity.multiplayer.center",
      "resolvedPath": "D:\\SBE\\FirstYear\\1stTERM\\Anatomy\\Task3\\PuzzleGame\\Library\\PackageCache\\com.unity.multiplayer.center",
      "fingerprint": "f502d8ac613fa076192423e73892fbd89eb4049b",
      "editorCompatibility": "6000.0.0a1",
      "version": "1.0.0",
      "source": "builtin"
    },
    "com.unity.render-pipelines.universal@17.0.3": {
      "name": "com.unity.render-pipelines.universal",
      "resolvedPath": "D:\\SBE\\FirstYear\\1stTERM\\Anatomy\\Task3\\PuzzleGame\\Library\\PackageCache\\com.unity.render-pipelines.universal",
      "fingerprint": "a168de23718db68d8d0d859e62b8a5cad5a48a0c",
      "editorCompatibility": "6000.0.0a1",
      "version": "17.0.3",
      "source": "builtin"
    },
    "com.unity.test-framework@1.4.5": {
      "name": "com.unity.test-framework",
      "resolvedPath": "D:\\SBE\\FirstYear\\1stTERM\\Anatomy\\Task3\\PuzzleGame\\Library\\PackageCache\\com.unity.test-framework",
      "fingerprint": "0a21eb82d95cd331643a1e0ce4e8e9a5f18954c8",
      "editorCompatibility": "2019.4.0a10",
      "version": "1.4.5",
      "source": "registry"
    },
    "com.unity.timeline@1.8.7": {
      "name": "com.unity.timeline",
      "resolvedPath": "D:\\SBE\\FirstYear\\1stTERM\\Anatomy\\Task3\\PuzzleGame\\Library\\PackageCache\\com.unity.timeline",
      "fingerprint": "c58b4ee65782ad38338e29f7ee67787cb6998f04",
      "editorCompatibility": "2019.3.0a1",
      "version": "1.8.7",
      "source": "registry"
    },
    "com.unity.ugui@2.0.0": {
      "name": "com.unity.ugui",
      "resolvedPath": "D:\\SBE\\FirstYear\\1stTERM\\Anatomy\\Task3\\PuzzleGame\\Library\\PackageCache\\com.unity.ugui",
      "fingerprint": "fd5da3b4bec8d043b01c30177bd62059c5fa36d0",
      "editorCompatibility": "2019.2.0a1",
      "version": "2.0.0",
      "source": "builtin"
    },
    "com.unity.visualscripting@1.9.5": {
      "name": "com.unity.visualscripting",
      "resolvedPath": "D:\\SBE\\FirstYear\\1stTERM\\Anatomy\\Task3\\PuzzleGame\\Library\\PackageCache\\com.unity.visualscripting",
      "fingerprint": "1b53f46e931bea668e53f1feb0ac9138170c9455",
      "editorCompatibility": "2021.3.0a1",
      "version": "1.9.5",
      "source": "registry"
    },
    "com.unity.modules.accessibility@1.0.0": {
      "name": "com.unity.modules.accessibility",
      "resolvedPath": "D:\\SBE\\FirstYear\\1stTERM\\Anatomy\\Task3\\PuzzleGame\\Library\\PackageCache\\com.unity.modules.accessibility",
      "version": "1.0.0",
      "source": "builtin"
    },
    "com.unity.modules.ai@1.0.0": {
      "name": "com.unity.modules.ai",
      "resolvedPath": "D:\\SBE\\FirstYear\\1stTERM\\Anatomy\\Task3\\PuzzleGame\\Library\\PackageCache\\com.unity.modules.ai",
      "version": "1.0.0",
      "source": "builtin"
    },
    "com.unity.modules.androidjni@1.0.0": {
      "name": "com.unity.modules.androidjni",
      "resolvedPath": "D:\\SBE\\FirstYear\\1stTERM\\Anatomy\\Task3\\PuzzleGame\\Library\\PackageCache\\com.unity.modules.androidjni",
      "version": "1.0.0",
      "source": "builtin"
    },
    "com.unity.modules.animation@1.0.0": {
      "name": "com.unity.modules.animation",
      "resolvedPath": "D:\\SBE\\FirstYear\\1stTERM\\Anatomy\\Task3\\PuzzleGame\\Library\\PackageCache\\com.unity.modules.animation",
      "version": "1.0.0",
      "source": "builtin"
    },
    "com.unity.modules.assetbundle@1.0.0": {
      "name": "com.unity.modules.assetbundle",
      "resolvedPath": "D:\\SBE\\FirstYear\\1stTERM\\Anatomy\\Task3\\PuzzleGame\\Library\\PackageCache\\com.unity.modules.assetbundle",
      "version": "1.0.0",
      "source": "builtin"
    },
    "com.unity.modules.audio@1.0.0": {
      "name": "com.unity.modules.audio",
      "resolvedPath": "D:\\SBE\\FirstYear\\1stTERM\\Anatomy\\Task3\\PuzzleGame\\Library\\PackageCache\\com.unity.modules.audio",
      "version": "1.0.0",
      "source": "builtin"
    },
    "com.unity.modules.cloth@1.0.0": {
      "name": "com.unity.modules.cloth",
      "resolvedPath": "D:\\SBE\\FirstYear\\1stTERM\\Anatomy\\Task3\\PuzzleGame\\Library\\PackageCache\\com.unity.modules.cloth",
      "version": "1.0.0",
      "source": "builtin"
    },
    "com.unity.modules.director@1.0.0": {
      "name": "com.unity.modules.director",
      "resolvedPath": "D:\\SBE\\FirstYear\\1stTERM\\Anatomy\\Task3\\PuzzleGame\\Library\\PackageCache\\com.unity.modules.director",
      "version": "1.0.0",
      "source": "builtin"
    },
    "com.unity.modules.imageconversion@1.0.0": {
      "name": "com.unity.modules.imageconversion",
      "resolvedPath": "D:\\SBE\\FirstYear\\1stTERM\\Anatomy\\Task3\\PuzzleGame\\Library\\PackageCache\\com.unity.modules.imageconversion",
      "version": "1.0.0",
      "source": "builtin"
    },
    "com.unity.modules.imgui@1.0.0": {
      "name": "com.unity.modules.imgui",
      "resolvedPath": "D:\\SBE\\FirstYear\\1stTERM\\Anatomy\\Task3\\PuzzleGame\\Library\\PackageCache\\com.unity.modules.imgui",
      "version": "1.0.0",
      "source": "builtin"
    },
    "com.unity.modules.jsonserialize@1.0.0": {
      "name": "com.unity.modules.jsonserialize",
      "resolvedPath": "D:\\SBE\\FirstYear\\1stTERM\\Anatomy\\Task3\\PuzzleGame\\Library\\PackageCache\\com.unity.modules.jsonserialize",
      "version": "1.0.0",
      "source": "builtin"
    },
    "com.unity.modules.particlesystem@1.0.0": {
      "name": "com.unity.modules.particlesystem",
      "resolvedPath": "D:\\SBE\\FirstYear\\1stTERM\\Anatomy\\Task3\\PuzzleGame\\Library\\PackageCache\\com.unity.modules.particlesystem",
      "version": "1.0.0",
      "source": "builtin"
    },
    "com.unity.modules.physics@1.0.0": {
      "name": "com.unity.modules.physics",
      "resolvedPath": "D:\\SBE\\FirstYear\\1stTERM\\Anatomy\\Task3\\PuzzleGame\\Library\\PackageCache\\com.unity.modules.physics",
      "version": "1.0.0",
      "source": "builtin"
    },
    "com.unity.modules.physics2d@1.0.0": {
      "name": "com.unity.modules.physics2d",
      "resolvedPath": "D:\\SBE\\FirstYear\\1stTERM\\Anatomy\\Task3\\PuzzleGame\\Library\\PackageCache\\com.unity.modules.physics2d",
      "version": "1.0.0",
      "source": "builtin"
    },
    "com.unity.modules.screencapture@1.0.0": {
      "name": "com.unity.modules.screencapture",
      "resolvedPath": "D:\\SBE\\FirstYear\\1stTERM\\Anatomy\\Task3\\PuzzleGame\\Library\\PackageCache\\com.unity.modules.screencapture",
      "version": "1.0.0",
      "source": "builtin"
    },
    "com.unity.modules.terrain@1.0.0": {
      "name": "com.unity.modules.terrain",
      "resolvedPath": "D:\\SBE\\FirstYear\\1stTERM\\Anatomy\\Task3\\PuzzleGame\\Library\\PackageCache\\com.unity.modules.terrain",
      "version": "1.0.0",
      "source": "builtin"
    },
    "com.unity.modules.terrainphysics@1.0.0": {
      "name": "com.unity.modules.terrainphysics",
      "resolvedPath": "D:\\SBE\\FirstYear\\1stTERM\\Anatomy\\Task3\\PuzzleGame\\Library\\PackageCache\\com.unity.modules.terrainphysics",
      "version": "1.0.0",
      "source": "builtin"
    },
    "com.unity.modules.tilemap@1.0.0": {
      "name": "com.unity.modules.tilemap",
      "resolvedPath": "D:\\SBE\\FirstYear\\1stTERM\\Anatomy\\Task3\\PuzzleGame\\Library\\PackageCache\\com.unity.modules.tilemap",
      "version": "1.0.0",
      "source": "builtin"
    },
    "com.unity.modules.ui@1.0.0": {
      "name": "com.unity.modules.ui",
      "resolvedPath": "D:\\SBE\\FirstYear\\1stTERM\\Anatomy\\Task3\\PuzzleGame\\Library\\PackageCache\\com.unity.modules.ui",
      "version": "1.0.0",
      "source": "builtin"
    },
    "com.unity.modules.uielements@1.0.0": {
      "name": "com.unity.modules.uielements",
      "resolvedPath": "D:\\SBE\\FirstYear\\1stTERM\\Anatomy\\Task3\\PuzzleGame\\Library\\PackageCache\\com.unity.modules.uielements",
      "version": "1.0.0",
      "source": "builtin"
    },
    "com.unity.modules.umbra@1.0.0": {
      "name": "com.unity.modules.umbra",
      "resolvedPath": "D:\\SBE\\FirstYear\\1stTERM\\Anatomy\\Task3\\PuzzleGame\\Library\\PackageCache\\com.unity.modules.umbra",
      "version": "1.0.0",
      "source": "builtin"
    },
    "com.unity.modules.unityanalytics@1.0.0": {
      "name": "com.unity.modules.unityanalytics",
      "resolvedPath": "D:\\SBE\\FirstYear\\1stTERM\\Anatomy\\Task3\\PuzzleGame\\Library\\PackageCache\\com.unity.modules.unityanalytics",
      "version": "1.0.0",
      "source": "builtin"
    },
    "com.unity.modules.unitywebrequest@1.0.0": {
      "name": "com.unity.modules.unitywebrequest",
      "resolvedPath": "D:\\SBE\\FirstYear\\1stTERM\\Anatomy\\Task3\\PuzzleGame\\Library\\PackageCache\\com.unity.modules.unitywebrequest",
      "version": "1.0.0",
      "source": "builtin"
    },
    "com.unity.modules.unitywebrequestassetbundle@1.0.0": {
      "name": "com.unity.modules.unitywebrequestassetbundle",
      "resolvedPath": "D:\\SBE\\FirstYear\\1stTERM\\Anatomy\\Task3\\PuzzleGame\\Library\\PackageCache\\com.unity.modules.unitywebrequestassetbundle",
      "version": "1.0.0",
      "source": "builtin"
    },
    "com.unity.modules.unitywebrequestaudio@1.0.0": {
      "name": "com.unity.modules.unitywebrequestaudio",
      "resolvedPath": "D:\\SBE\\FirstYear\\1stTERM\\Anatomy\\Task3\\PuzzleGame\\Library\\PackageCache\\com.unity.modules.unitywebrequestaudio",
      "version": "1.0.0",
      "source": "builtin"
    },
    "com.unity.modules.unitywebrequesttexture@1.0.0": {
      "name": "com.unity.modules.unitywebrequesttexture",
      "resolvedPath": "D:\\SBE\\FirstYear\\1stTERM\\Anatomy\\Task3\\PuzzleGame\\Library\\PackageCache\\com.unity.modules.unitywebrequesttexture",
      "version": "1.0.0",
      "source": "builtin"
    },
    "com.unity.modules.unitywebrequestwww@1.0.0": {
      "name": "com.unity.modules.unitywebrequestwww",
      "resolvedPath": "D:\\SBE\\FirstYear\\1stTERM\\Anatomy\\Task3\\PuzzleGame\\Library\\PackageCache\\com.unity.modules.unitywebrequestwww",
      "version": "1.0.0",
      "source": "builtin"
    },
    "com.unity.modules.vehicles@1.0.0": {
      "name": "com.unity.modules.vehicles",
      "resolvedPath": "D:\\SBE\\FirstYear\\1stTERM\\Anatomy\\Task3\\PuzzleGame\\Library\\PackageCache\\com.unity.modules.vehicles",
      "version": "1.0.0",
      "source": "builtin"
    },
    "com.unity.modules.video@1.0.0": {
      "name": "com.unity.modules.video",
      "resolvedPath": "D:\\SBE\\FirstYear\\1stTERM\\Anatomy\\Task3\\PuzzleGame\\Library\\PackageCache\\com.unity.modules.video",
      "version": "1.0.0",
      "source": "builtin"
    },
    "com.unity.modules.vr@1.0.0": {
      "name": "com.unity.modules.vr",
      "resolvedPath": "D:\\SBE\\FirstYear\\1stTERM\\Anatomy\\Task3\\PuzzleGame\\Library\\PackageCache\\com.unity.modules.vr",
      "version": "1.0.0",
      "source": "builtin"
    },
    "com.unity.modules.wind@1.0.0": {
      "name": "com.unity.modules.wind",
      "resolvedPath": "D:\\SBE\\FirstYear\\1stTERM\\Anatomy\\Task3\\PuzzleGame\\Library\\PackageCache\\com.unity.modules.wind",
      "version": "1.0.0",
      "source": "builtin"
    },
    "com.unity.modules.xr@1.0.0": {
      "name": "com.unity.modules.xr",
      "resolvedPath": "D:\\SBE\\FirstYear\\1stTERM\\Anatomy\\Task3\\PuzzleGame\\Library\\PackageCache\\com.unity.modules.xr",
      "version": "1.0.0",
      "source": "builtin"
    },
    "com.unity.modules.subsystems@1.0.0": {
      "name": "com.unity.modules.subsystems",
      "resolvedPath": "D:\\SBE\\FirstYear\\1stTERM\\Anatomy\\Task3\\PuzzleGame\\Library\\PackageCache\\com.unity.modules.subsystems",
      "version": "1.0.0",
      "source": "builtin"
    },
    "com.unity.modules.hierarchycore@1.0.0": {
      "name": "com.unity.modules.hierarchycore",
      "resolvedPath": "D:\\SBE\\FirstYear\\1stTERM\\Anatomy\\Task3\\PuzzleGame\\Library\\PackageCache\\com.unity.modules.hierarchycore",
      "version": "1.0.0",
      "source": "builtin"
    },
    "com.unity.ext.nunit@2.0.5": {
      "name": "com.unity.ext.nunit",
      "resolvedPath": "D:\\SBE\\FirstYear\\1stTERM\\Anatomy\\Task3\\PuzzleGame\\Library\\PackageCache\\com.unity.ext.nunit",
      "fingerprint": "60ef35ffd3cd5e2f5c8887a4a4ca6148854cd092",
      "editorCompatibility": "2019.4.0a1",
      "version": "2.0.5",
      "source": "registry"
    },
    "com.unity.render-pipelines.core@17.0.3": {
      "name": "com.unity.render-pipelines.core",
      "resolvedPath": "D:\\SBE\\FirstYear\\1stTERM\\Anatomy\\Task3\\PuzzleGame\\Library\\PackageCache\\com.unity.render-pipelines.core",
      "fingerprint": "bb3e76ac9cad84a12b86d7d65b9fd37f13183def",
      "editorCompatibility": "6000.0.0a1",
      "version": "17.0.3",
      "source": "builtin"
    },
    "com.unity.shadergraph@17.0.3": {
      "name": "com.unity.shadergraph",
      "resolvedPath": "D:\\SBE\\FirstYear\\1stTERM\\Anatomy\\Task3\\PuzzleGame\\Library\\PackageCache\\com.unity.shadergraph",
      "fingerprint": "9111176982208cf007caa931c3cf2716ceec4632",
      "editorCompatibility": "6000.0.0a1",
      "version": "17.0.3",
      "source": "builtin"
    },
    "com.unity.render-pipelines.universal-config@17.0.3": {
      "name": "com.unity.render-pipelines.universal-config",
      "resolvedPath": "D:\\SBE\\FirstYear\\1stTERM\\Anatomy\\Task3\\PuzzleGame\\Library\\PackageCache\\com.unity.render-pipelines.universal-config",
      "fingerprint": "fa63c96d3e1af317d84d171cd6c0e0658ab159df",
      "editorCompatibility": "6000.0.0a1",
      "version": "17.0.3",
      "source": "builtin"
    },
    "com.unity.searcher@4.9.2": {
      "name": "com.unity.searcher",
      "resolvedPath": "D:\\SBE\\FirstYear\\1stTERM\\Anatomy\\Task3\\PuzzleGame\\Library\\PackageCache\\com.unity.searcher",
      "fingerprint": "90d011a70418fd5b0f4b8e86df39444d2af228dd",
      "editorCompatibility": "2019.1.0a1",
      "version": "4.9.2",
      "source": "registry"
    },
    "com.unity.burst@1.8.18": {
      "name": "com.unity.burst",
      "resolvedPath": "D:\\SBE\\FirstYear\\1stTERM\\Anatomy\\Task3\\PuzzleGame\\Library\\PackageCache\\com.unity.burst",
      "fingerprint": "616862665d8c8ffe643d505aebb5de2ee73b0ab0",
      "editorCompatibility": "2020.3.0a1",
      "version": "1.8.18",
      "source": "registry"
    },
    "com.unity.mathematics@1.3.2": {
      "name": "com.unity.mathematics",
      "resolvedPath": "D:\\SBE\\FirstYear\\1stTERM\\Anatomy\\Task3\\PuzzleGame\\Library\\PackageCache\\com.unity.mathematics",
      "fingerprint": "8017b507cc74bf0a1dd14b18aa860569f807314d",
      "editorCompatibility": "2021.3.0a1",
      "version": "1.3.2",
      "source": "registry"
    },
    "com.unity.collections@2.5.1": {
      "name": "com.unity.collections",
      "resolvedPath": "D:\\SBE\\FirstYear\\1stTERM\\Anatomy\\Task3\\PuzzleGame\\Library\\PackageCache\\com.unity.collections",
      "fingerprint": "56bff8827a7ef6d44fcee4f36e558a74da89c1a0",
      "editorCompatibility": "2022.3.11f1",
      "version": "2.5.1",
      "source": "registry"
    },
    "com.unity.rendering.light-transport@1.0.1": {
      "name": "com.unity.rendering.light-transport",
      "resolvedPath": "D:\\SBE\\FirstYear\\1stTERM\\Anatomy\\Task3\\PuzzleGame\\Library\\PackageCache\\com.unity.rendering.light-transport",
      "fingerprint": "307bc27a498fc9cd409bbd426c85d8dc7f140bc1",
      "editorCompatibility": "2023.3.0b1",
      "version": "1.0.1",
      "source": "builtin"
    },
    "com.unity.nuget.mono-cecil@1.11.4": {
      "name": "com.unity.nuget.mono-cecil",
      "resolvedPath": "D:\\SBE\\FirstYear\\1stTERM\\Anatomy\\Task3\\PuzzleGame\\Library\\PackageCache\\com.unity.nuget.mono-cecil",
      "fingerprint": "d6f9955a5d5f84d45442ff1ad0fb694cc6e2fd62",
      "editorCompatibility": "2018.4.0a1",
      "version": "1.11.4",
      "source": "registry"
    },
    "com.unity.test-framework.performance@3.0.3": {
      "name": "com.unity.test-framework.performance",
      "resolvedPath": "D:\\SBE\\FirstYear\\1stTERM\\Anatomy\\Task3\\PuzzleGame\\Library\\PackageCache\\com.unity.test-framework.performance",
      "fingerprint": "fb0dc592af8b524f1a06c50d7caf95552f1bcd2f",
      "editorCompatibility": "2020.3.0a1",
      "version": "3.0.3",
      "source": "registry"
    }
  }
}
