﻿{"cameraMode":{"drawMode":0,"name":"Shaded","section":"Shading Mode"},"sceneLighting":false,"audioPlay":false,"sceneViewState":{"m_AlwaysRefresh":false,"showFog":true,"showSkybox":true,"showFlares":true,"showImageEffects":true,"showParticleSystems":true,"showVisualEffectGraphs":true,"m_FxEnabled":true},"in2DMode":false,"pivot":{"x":-0.8009078502655029,"y":-0.11582494527101517,"z":-3.1651697158813478},"rotation":{"x":-0.18864427506923676,"y":-0.2774184048175812,"z":0.05590777471661568,"w":-0.9406317472457886},"size":10.0,"orthographic":false}